lead_id,created_at,mql_at,sql_at,won_at,channel,region
1000,2025-03-01T00:00:00+00:00,2025-03-02T00:00:00+00:00,2025-03-10T00:00:00+00:00,,Organic,AMER
1001,2025-03-02T01:00:00+00:00,2025-03-05T01:00:00+00:00,,,Events,Other
1002,2025-03-03T02:00:00+00:00,,,,Other,EMEA
1003,2025-03-04T03:00:00+00:00,,,,Organic,Other
1004,2025-03-05T04:00:00+00:00,,,,Ads,Other
1005,2025-03-06T05:00:00+00:00,,,,Other,Other
1006,2025-03-07T06:00:00+00:00,2025-03-10T06:00:00+00:00,,,Organic,Other
1007,2025-03-01T07:00:00+00:00,2025-03-05T07:00:00+00:00,2025-03-08T07:00:00+00:00,,Events,Other
1008,2025-03-02T08:00:00+00:00,2025-03-03T08:00:00+00:00,,,Other,APAC
1009,2025-03-03T09:00:00+00:00,2025-03-07T09:00:00+00:00,,,Organic,EMEA
1010,2025-03-04T10:00:00+00:00,2025-03-05T10:00:00+00:00,2025-03-12T10:00:00+00:00,,Events,APAC
1011,2025-03-05T11:00:00+00:00,,,,Referral,EMEA
1012,2025-03-06T12:00:00+00:00,2025-03-08T12:00:00+00:00,,,Organic,EMEA
1013,2025-03-07T13:00:00+00:00,,,,Organic,Other
1014,2025-03-01T14:00:00+00:00,2025-03-04T14:00:00+00:00,,,Events,EMEA
1015,2025-03-02T15:00:00+00:00,2025-03-06T15:00:00+00:00,2025-03-10T15:00:00+00:00,2025-03-19T15:00:00+00:00,Other,Other
1016,2025-03-03T16:00:00+00:00,,,,Other,Other
1017,2025-03-04T17:00:00+00:00,2025-03-08T17:00:00+00:00,,,Other,APAC
1018,2025-03-05T18:00:00+00:00,2025-03-06T18:00:00+00:00,2025-03-10T18:00:00+00:00,,Events,Other
1019,2025-03-06T19:00:00+00:00,2025-03-09T19:00:00+00:00,2025-03-13T19:00:00+00:00,,Referral,APAC
1020,2025-03-07T20:00:00+00:00,,,,Organic,APAC
1021,2025-03-01T21:00:00+00:00,,,,Ads,Other
1022,2025-03-02T22:00:00+00:00,2025-03-03T22:00:00+00:00,2025-03-11T22:00:00+00:00,,Referral,AMER
1023,2025-03-03T23:00:00+00:00,2025-03-04T23:00:00+00:00,,,Referral,APAC
1024,2025-03-04T00:00:00+00:00,,,,Referral,APAC
1025,2025-03-05T01:00:00+00:00,,,,Organic,EMEA
1026,2025-03-06T02:00:00+00:00,2025-03-09T02:00:00+00:00,2025-03-11T02:00:00+00:00,,Events,EMEA
1027,2025-03-07T03:00:00+00:00,2025-03-10T03:00:00+00:00,2025-03-14T03:00:00+00:00,2025-03-23T03:00:00+00:00,Referral,AMER
1028,2025-03-01T04:00:00+00:00,2025-03-03T04:00:00+00:00,,,Ads,APAC
1029,2025-03-02T05:00:00+00:00,,,,Events,Other
1030,2025-03-03T06:00:00+00:00,2025-03-05T06:00:00+00:00,,,Organic,AMER
1031,2025-03-04T07:00:00+00:00,,,,Ads,APAC
1032,2025-03-05T08:00:00+00:00,2025-03-07T08:00:00+00:00,2025-03-14T08:00:00+00:00,,Referral,APAC
1033,2025-03-06T09:00:00+00:00,2025-03-07T09:00:00+00:00,2025-03-14T09:00:00+00:00,2025-03-21T09:00:00+00:00,Ads,Other
1034,2025-03-07T10:00:00+00:00,2025-03-08T10:00:00+00:00,2025-03-15T10:00:00+00:00,2025-03-18T10:00:00+00:00,Referral,APAC
1035,2025-03-01T11:00:00+00:00,2025-03-05T11:00:00+00:00,2025-03-06T11:00:00+00:00,,Events,EMEA
1036,2025-03-02T12:00:00+00:00,2025-03-06T12:00:00+00:00,,,Referral,EMEA
1037,2025-03-03T13:00:00+00:00,2025-03-07T13:00:00+00:00,2025-03-11T13:00:00+00:00,2025-03-20T13:00:00+00:00,Referral,APAC
1038,2025-03-04T14:00:00+00:00,,,,Other,Other
1039,2025-03-05T15:00:00+00:00,,,,Referral,AMER
1040,2025-03-06T16:00:00+00:00,2025-03-07T16:00:00+00:00,2025-03-13T16:00:00+00:00,2025-03-18T16:00:00+00:00,Events,Other
1041,2025-03-07T17:00:00+00:00,,,,Referral,EMEA
1042,2025-03-01T18:00:00+00:00,,,,Referral,Other
1043,2025-03-02T19:00:00+00:00,,,,Events,APAC
1044,2025-03-03T20:00:00+00:00,,,,Organic,Other
1045,2025-03-04T21:00:00+00:00,2025-03-08T21:00:00+00:00,,,Organic,AMER
1046,2025-03-05T22:00:00+00:00,,,,Organic,AMER
1047,2025-03-06T23:00:00+00:00,2025-03-10T23:00:00+00:00,,,Ads,Other
1048,2025-03-07T00:00:00+00:00,,,,Organic,APAC
1049,2025-03-01T01:00:00+00:00,2025-03-05T01:00:00+00:00,2025-03-08T01:00:00+00:00,2025-03-19T01:00:00+00:00,Referral,AMER
1050,2025-03-09T02:00:00+00:00,,,,Referral,Other
1051,2025-03-10T03:00:00+00:00,,,,Ads,Other
1052,2025-03-11T04:00:00+00:00,,,,Ads,Other
1053,2025-03-12T05:00:00+00:00,,,,Events,EMEA
1054,2025-03-13T06:00:00+00:00,2025-03-15T06:00:00+00:00,,,Ads,APAC
1055,2025-03-14T07:00:00+00:00,2025-03-16T07:00:00+00:00,2025-03-21T07:00:00+00:00,,Ads,Other
1056,2025-03-08T08:00:00+00:00,,,,Ads,EMEA
1057,2025-03-09T09:00:00+00:00,2025-03-13T09:00:00+00:00,2025-03-16T09:00:00+00:00,,Ads,Other
1058,2025-03-10T10:00:00+00:00,2025-03-13T10:00:00+00:00,,,Other,AMER
1059,2025-03-11T11:00:00+00:00,,,,Referral,AMER
1060,2025-03-12T12:00:00+00:00,,,,Ads,Other
1061,2025-03-13T13:00:00+00:00,,,,Ads,APAC
1062,2025-03-14T14:00:00+00:00,2025-03-18T14:00:00+00:00,2025-03-21T14:00:00+00:00,,Ads,Other
1063,2025-03-08T15:00:00+00:00,,,,Other,EMEA
1064,2025-03-09T16:00:00+00:00,,,,Referral,Other
1065,2025-03-10T17:00:00+00:00,2025-03-14T17:00:00+00:00,2025-03-19T17:00:00+00:00,,Events,APAC
1066,2025-03-11T18:00:00+00:00,2025-03-12T18:00:00+00:00,2025-03-16T18:00:00+00:00,,Organic,APAC
1067,2025-03-12T19:00:00+00:00,2025-03-14T19:00:00+00:00,,,Organic,Other
1068,2025-03-13T20:00:00+00:00,,,,Organic,AMER
1069,2025-03-14T21:00:00+00:00,,,,Organic,EMEA
1070,2025-03-08T22:00:00+00:00,,,,Ads,APAC
1071,2025-03-09T23:00:00+00:00,,,,Other,EMEA
1072,2025-03-10T00:00:00+00:00,,,,Referral,EMEA
1073,2025-03-11T01:00:00+00:00,,,,Other,Other
1074,2025-03-12T02:00:00+00:00,,,,Ads,Other
1075,2025-03-13T03:00:00+00:00,,,,Ads,Other
1076,2025-03-14T04:00:00+00:00,,,,Events,AMER
1077,2025-03-08T05:00:00+00:00,2025-03-12T05:00:00+00:00,2025-03-15T05:00:00+00:00,,Other,EMEA
1078,2025-03-09T06:00:00+00:00,,,,Ads,Other
1079,2025-03-10T07:00:00+00:00,2025-03-13T07:00:00+00:00,2025-03-18T07:00:00+00:00,,Other,Other
1080,2025-03-11T08:00:00+00:00,2025-03-12T08:00:00+00:00,2025-03-20T08:00:00+00:00,2025-03-23T08:00:00+00:00,Events,Other
1081,2025-03-12T09:00:00+00:00,,,,Events,EMEA
1082,2025-03-13T10:00:00+00:00,2025-03-14T10:00:00+00:00,2025-03-20T10:00:00+00:00,,Organic,APAC
1083,2025-03-14T11:00:00+00:00,2025-03-16T11:00:00+00:00,,,Ads,Other
1084,2025-03-08T12:00:00+00:00,2025-03-10T12:00:00+00:00,,,Organic,Other
1085,2025-03-09T13:00:00+00:00,,,,Ads,Other
1086,2025-03-10T14:00:00+00:00,,,,Ads,Other
1087,2025-03-11T15:00:00+00:00,,,,Other,EMEA
1088,2025-03-12T16:00:00+00:00,,,,Referral,Other
1089,2025-03-13T17:00:00+00:00,,,,Referral,APAC
1090,2025-03-14T18:00:00+00:00,2025-03-15T18:00:00+00:00,2025-03-23T18:00:00+00:00,2025-03-27T18:00:00+00:00,Other,Other
1091,2025-03-08T19:00:00+00:00,2025-03-10T19:00:00+00:00,2025-03-16T19:00:00+00:00,2025-03-22T19:00:00+00:00,Organic,EMEA
1092,2025-03-09T20:00:00+00:00,,,,Events,EMEA
1093,2025-03-10T21:00:00+00:00,2025-03-12T21:00:00+00:00,,,Organic,Other
1094,2025-03-11T22:00:00+00:00,,,,Other,APAC
1095,2025-03-12T23:00:00+00:00,2025-03-16T23:00:00+00:00,,,Organic,APAC
1096,2025-03-13T00:00:00+00:00,,,,Referral,Other
1097,2025-03-14T01:00:00+00:00,,,,Organic,AMER
1098,2025-03-08T02:00:00+00:00,,,,Ads,APAC
1099,2025-03-09T03:00:00+00:00,,,,Other,Other
1100,2025-03-17T04:00:00+00:00,2025-03-18T04:00:00+00:00,,,Referral,Other
1101,2025-03-18T05:00:00+00:00,2025-03-22T05:00:00+00:00,2025-03-24T05:00:00+00:00,2025-03-29T05:00:00+00:00,Referral,AMER
1102,2025-03-19T06:00:00+00:00,2025-03-23T06:00:00+00:00,2025-03-25T06:00:00+00:00,2025-03-30T06:00:00+00:00,Referral,APAC
1103,2025-03-20T07:00:00+00:00,2025-03-22T07:00:00+00:00,,,Other,AMER
1104,2025-03-21T08:00:00+00:00,,,,Events,APAC
1105,2025-03-15T09:00:00+00:00,,,,Ads,Other
1106,2025-03-16T10:00:00+00:00,2025-03-17T10:00:00+00:00,2025-03-23T10:00:00+00:00,,Events,EMEA
1107,2025-03-17T11:00:00+00:00,2025-03-21T11:00:00+00:00,2025-03-26T11:00:00+00:00,2025-04-02T11:00:00+00:00,Other,AMER
1108,2025-03-18T12:00:00+00:00,,,,Ads,EMEA
1109,2025-03-19T13:00:00+00:00,,,,Events,Other
1110,2025-03-20T14:00:00+00:00,2025-03-21T14:00:00+00:00,,,Ads,Other
1111,2025-03-21T15:00:00+00:00,2025-03-22T15:00:00+00:00,,,Ads,AMER
1112,2025-03-15T16:00:00+00:00,,,,Events,AMER
1113,2025-03-16T17:00:00+00:00,2025-03-20T17:00:00+00:00,2025-03-23T17:00:00+00:00,,Events,AMER
1114,2025-03-17T18:00:00+00:00,2025-03-18T18:00:00+00:00,,,Ads,AMER
1115,2025-03-18T19:00:00+00:00,2025-03-20T19:00:00+00:00,,,Organic,APAC
1116,2025-03-19T20:00:00+00:00,,,,Other,AMER
1117,2025-03-20T21:00:00+00:00,,,,Events,APAC
1118,2025-03-21T22:00:00+00:00,,,,Events,APAC
1119,2025-03-15T23:00:00+00:00,2025-03-18T23:00:00+00:00,2025-03-21T23:00:00+00:00,,Referral,EMEA
1120,2025-03-16T00:00:00+00:00,2025-03-17T00:00:00+00:00,2025-03-23T00:00:00+00:00,,Other,APAC
1121,2025-03-17T01:00:00+00:00,,,,Ads,AMER
1122,2025-03-18T02:00:00+00:00,,,,Other,Other
1123,2025-03-19T03:00:00+00:00,2025-03-23T03:00:00+00:00,2025-03-28T03:00:00+00:00,,Referral,EMEA
1124,2025-03-20T04:00:00+00:00,,,,Referral,APAC
1125,2025-03-21T05:00:00+00:00,2025-03-25T05:00:00+00:00,2025-03-29T05:00:00+00:00,2025-04-08T05:00:00+00:00,Ads,AMER
1126,2025-03-15T06:00:00+00:00,,,,Ads,AMER
1127,2025-03-16T07:00:00+00:00,2025-03-17T07:00:00+00:00,,,Other,EMEA
1128,2025-03-17T08:00:00+00:00,,,,Other,Other
1129,2025-03-18T09:00:00+00:00,,,,Other,Other
1130,2025-03-19T10:00:00+00:00,,,,Referral,Other
1131,2025-03-20T11:00:00+00:00,2025-03-23T11:00:00+00:00,,,Ads,EMEA
1132,2025-03-21T12:00:00+00:00,2025-03-22T12:00:00+00:00,,,Ads,APAC
1133,2025-03-15T13:00:00+00:00,,,,Referral,Other
1134,2025-03-16T14:00:00+00:00,,,,Referral,Other
1135,2025-03-17T15:00:00+00:00,,,,Events,Other
1136,2025-03-18T16:00:00+00:00,,,,Organic,Other
1137,2025-03-19T17:00:00+00:00,,,,Organic,Other
1138,2025-03-20T18:00:00+00:00,,,,Events,APAC
1139,2025-03-21T19:00:00+00:00,,,,Referral,EMEA
1140,2025-03-15T20:00:00+00:00,2025-03-16T20:00:00+00:00,2025-03-23T20:00:00+00:00,,Other,APAC
1141,2025-03-16T21:00:00+00:00,,,,Other,EMEA
1142,2025-03-17T22:00:00+00:00,,,,Other,AMER
1143,2025-03-18T23:00:00+00:00,,,,Organic,Other
1144,2025-03-19T00:00:00+00:00,,,,Referral,APAC
1145,2025-03-20T01:00:00+00:00,2025-03-24T01:00:00+00:00,2025-03-25T01:00:00+00:00,,Ads,AMER
1146,2025-03-21T02:00:00+00:00,,,,Ads,EMEA
1147,2025-03-15T03:00:00+00:00,,,,Ads,APAC
1148,2025-03-16T04:00:00+00:00,2025-03-17T04:00:00+00:00,2025-03-21T04:00:00+00:00,2025-04-01T04:00:00+00:00,Events,APAC
1149,2025-03-17T05:00:00+00:00,,,,Other,EMEA
1150,2025-03-25T06:00:00+00:00,,,,Other,APAC
1151,2025-03-26T07:00:00+00:00,,,,Organic,AMER
1152,2025-03-27T08:00:00+00:00,2025-03-29T08:00:00+00:00,2025-04-01T08:00:00+00:00,,Other,Other
1153,2025-03-28T09:00:00+00:00,2025-03-29T09:00:00+00:00,,,Organic,Other
1154,2025-03-22T10:00:00+00:00,2025-03-25T10:00:00+00:00,,,Organic,EMEA
1155,2025-03-23T11:00:00+00:00,,,,Referral,EMEA
1156,2025-03-24T12:00:00+00:00,,,,Events,APAC
1157,2025-03-25T13:00:00+00:00,2025-03-28T13:00:00+00:00,2025-04-03T13:00:00+00:00,,Organic,AMER
1158,2025-03-26T14:00:00+00:00,2025-03-28T14:00:00+00:00,,,Organic,EMEA
1159,2025-03-27T15:00:00+00:00,,,,Organic,EMEA
1160,2025-03-28T16:00:00+00:00,,,,Referral,AMER
1161,2025-03-22T17:00:00+00:00,,,,Ads,EMEA
1162,2025-03-23T18:00:00+00:00,2025-03-26T18:00:00+00:00,2025-03-29T18:00:00+00:00,,Other,APAC
1163,2025-03-24T19:00:00+00:00,2025-03-28T19:00:00+00:00,,,Ads,Other
1164,2025-03-25T20:00:00+00:00,2025-03-26T20:00:00+00:00,,,Other,EMEA
1165,2025-03-26T21:00:00+00:00,2025-03-29T21:00:00+00:00,2025-04-02T21:00:00+00:00,2025-04-13T21:00:00+00:00,Referral,EMEA
1166,2025-03-27T22:00:00+00:00,,,,Events,Other
1167,2025-03-28T23:00:00+00:00,,,,Ads,AMER
1168,2025-03-22T00:00:00+00:00,,,,Referral,APAC
1169,2025-03-23T01:00:00+00:00,,,,Other,EMEA
1170,2025-03-24T02:00:00+00:00,2025-03-25T02:00:00+00:00,2025-04-01T02:00:00+00:00,,Other,EMEA
1171,2025-03-25T03:00:00+00:00,2025-03-26T03:00:00+00:00,2025-03-31T03:00:00+00:00,2025-04-13T03:00:00+00:00,Other,AMER
1172,2025-03-26T04:00:00+00:00,2025-03-27T04:00:00+00:00,2025-04-02T04:00:00+00:00,,Other,APAC
1173,2025-03-27T05:00:00+00:00,2025-03-28T05:00:00+00:00,2025-04-03T05:00:00+00:00,2025-04-13T05:00:00+00:00,Organic,Other
1174,2025-03-28T06:00:00+00:00,2025-04-01T06:00:00+00:00,,,Organic,EMEA
1175,2025-03-22T07:00:00+00:00,2025-03-25T07:00:00+00:00,,,Referral,AMER
1176,2025-03-23T08:00:00+00:00,2025-03-25T08:00:00+00:00,2025-03-30T08:00:00+00:00,,Ads,AMER
1177,2025-03-24T09:00:00+00:00,2025-03-26T09:00:00+00:00,2025-03-29T09:00:00+00:00,2025-04-12T09:00:00+00:00,Events,APAC
1178,2025-03-25T10:00:00+00:00,,,,Events,APAC
1179,2025-03-26T11:00:00+00:00,,,,Referral,APAC
1180,2025-03-27T12:00:00+00:00,2025-03-30T12:00:00+00:00,2025-04-02T12:00:00+00:00,,Ads,Other
1181,2025-03-28T13:00:00+00:00,2025-03-29T13:00:00+00:00,2025-04-05T13:00:00+00:00,,Organic,AMER
1182,2025-03-22T14:00:00+00:00,2025-03-23T14:00:00+00:00,2025-03-27T14:00:00+00:00,2025-04-06T14:00:00+00:00,Other,EMEA
1183,2025-03-23T15:00:00+00:00,2025-03-27T15:00:00+00:00,2025-03-30T15:00:00+00:00,2025-04-09T15:00:00+00:00,Ads,AMER
1184,2025-03-24T16:00:00+00:00,2025-03-27T16:00:00+00:00,2025-04-01T16:00:00+00:00,,Organic,Other
1185,2025-03-25T17:00:00+00:00,,,,Events,AMER
1186,2025-03-26T18:00:00+00:00,,,,Ads,EMEA
1187,2025-03-27T19:00:00+00:00,2025-03-30T19:00:00+00:00,,,Organic,AMER
1188,2025-03-28T20:00:00+00:00,,,,Organic,AMER
1189,2025-03-22T21:00:00+00:00,,,,Other,EMEA
1190,2025-03-23T22:00:00+00:00,,,,Events,AMER
1191,2025-03-24T23:00:00+00:00,2025-03-28T23:00:00+00:00,2025-03-29T23:00:00+00:00,,Other,EMEA
1192,2025-03-25T00:00:00+00:00,2025-03-29T00:00:00+00:00,2025-04-01T00:00:00+00:00,2025-04-05T00:00:00+00:00,Organic,APAC
1193,2025-03-26T01:00:00+00:00,2025-03-30T01:00:00+00:00,2025-04-01T01:00:00+00:00,2025-04-09T01:00:00+00:00,Ads,APAC
1194,2025-03-27T02:00:00+00:00,2025-03-30T02:00:00+00:00,2025-04-03T02:00:00+00:00,,Ads,APAC
1195,2025-03-28T03:00:00+00:00,,,,Events,EMEA
1196,2025-03-22T04:00:00+00:00,2025-03-26T04:00:00+00:00,,,Organic,Other
1197,2025-03-23T05:00:00+00:00,2025-03-24T05:00:00+00:00,,,Events,Other
1198,2025-03-24T06:00:00+00:00,,,,Referral,APAC
1199,2025-03-25T07:00:00+00:00,,,,Events,EMEA
1200,2025-04-02T08:00:00+00:00,,,,Other,APAC
1201,2025-04-03T09:00:00+00:00,2025-04-05T09:00:00+00:00,2025-04-11T09:00:00+00:00,,Organic,APAC
1202,2025-04-04T10:00:00+00:00,,,,Referral,APAC
1203,2025-03-29T11:00:00+00:00,2025-04-01T11:00:00+00:00,2025-04-03T11:00:00+00:00,2025-04-08T11:00:00+00:00,Organic,EMEA
1204,2025-03-30T12:00:00+00:00,2025-04-03T12:00:00+00:00,,,Referral,EMEA
1205,2025-03-31T13:00:00+00:00,,,,Referral,Other
1206,2025-04-01T14:00:00+00:00,,,,Events,AMER
1207,2025-04-02T15:00:00+00:00,,,,Ads,Other
1208,2025-04-03T16:00:00+00:00,,,,Referral,Other
1209,2025-04-04T17:00:00+00:00,,,,Ads,APAC
1210,2025-03-29T18:00:00+00:00,,,,Referral,AMER
1211,2025-03-30T19:00:00+00:00,2025-04-03T19:00:00+00:00,2025-04-05T19:00:00+00:00,,Organic,APAC
1212,2025-03-31T20:00:00+00:00,2025-04-01T20:00:00+00:00,2025-04-08T20:00:00+00:00,,Events,Other
1213,2025-04-01T21:00:00+00:00,,,,Other,APAC
1214,2025-04-02T22:00:00+00:00,2025-04-06T22:00:00+00:00,,,Referral,AMER
1215,2025-04-03T23:00:00+00:00,,,,Events,Other
1216,2025-04-04T00:00:00+00:00,,,,Referral,APAC
1217,2025-03-29T01:00:00+00:00,,,,Organic,Other
1218,2025-03-30T02:00:00+00:00,,,,Organic,EMEA
1219,2025-03-31T03:00:00+00:00,,,,Organic,APAC
1220,2025-04-01T04:00:00+00:00,2025-04-03T04:00:00+00:00,,,Events,AMER
1221,2025-04-02T05:00:00+00:00,,,,Events,Other
1222,2025-04-03T06:00:00+00:00,,,,Other,Other
1223,2025-04-04T07:00:00+00:00,,,,Ads,Other
1224,2025-03-29T08:00:00+00:00,2025-03-30T08:00:00+00:00,2025-04-07T08:00:00+00:00,2025-04-16T08:00:00+00:00,Referral,AMER
1225,2025-03-30T09:00:00+00:00,2025-03-31T09:00:00+00:00,,,Events,EMEA
1226,2025-03-31T10:00:00+00:00,,,,Ads,AMER
1227,2025-04-01T11:00:00+00:00,2025-04-04T11:00:00+00:00,2025-04-10T11:00:00+00:00,,Other,APAC
1228,2025-04-02T12:00:00+00:00,2025-04-03T12:00:00+00:00,2025-04-07T12:00:00+00:00,2025-04-15T12:00:00+00:00,Ads,EMEA
1229,2025-04-03T13:00:00+00:00,,,,Organic,AMER
1230,2025-04-04T14:00:00+00:00,2025-04-06T14:00:00+00:00,,,Referral,AMER
1231,2025-03-29T15:00:00+00:00,2025-04-01T15:00:00+00:00,2025-04-03T15:00:00+00:00,,Other,Other
1232,2025-03-30T16:00:00+00:00,2025-03-31T16:00:00+00:00,2025-04-05T16:00:00+00:00,2025-04-13T16:00:00+00:00,Ads,AMER
1233,2025-03-31T17:00:00+00:00,,,,Ads,APAC
1234,2025-04-01T18:00:00+00:00,,,,Events,AMER
1235,2025-04-02T19:00:00+00:00,,,,Ads,AMER
1236,2025-04-03T20:00:00+00:00,,,,Other,EMEA
1237,2025-04-04T21:00:00+00:00,,,,Referral,Other
1238,2025-03-29T22:00:00+00:00,,,,Other,APAC
1239,2025-03-30T23:00:00+00:00,2025-04-01T23:00:00+00:00,,,Referral,EMEA
1240,2025-03-31T00:00:00+00:00,2025-04-03T00:00:00+00:00,2025-04-06T00:00:00+00:00,,Ads,EMEA
1241,2025-04-01T01:00:00+00:00,2025-04-04T01:00:00+00:00,2025-04-06T01:00:00+00:00,,Referral,Other
1242,2025-04-02T02:00:00+00:00,2025-04-05T02:00:00+00:00,,,Events,APAC
1243,2025-04-03T03:00:00+00:00,2025-04-07T03:00:00+00:00,,,Other,Other
1244,2025-04-04T04:00:00+00:00,2025-04-07T04:00:00+00:00,2025-04-11T04:00:00+00:00,,Ads,AMER
1245,2025-03-29T05:00:00+00:00,,,,Referral,APAC
1246,2025-03-30T06:00:00+00:00,,,,Organic,AMER
1247,2025-03-31T07:00:00+00:00,2025-04-02T07:00:00+00:00,,,Referral,Other
1248,2025-04-01T08:00:00+00:00,2025-04-02T08:00:00+00:00,2025-04-07T08:00:00+00:00,2025-04-17T08:00:00+00:00,Ads,AMER
1249,2025-04-02T09:00:00+00:00,,,,Other,AMER
1250,2025-04-10T10:00:00+00:00,,,,Events,EMEA
1251,2025-04-11T11:00:00+00:00,,,,Other,Other
1252,2025-04-05T12:00:00+00:00,2025-04-08T12:00:00+00:00,2025-04-13T12:00:00+00:00,,Other,EMEA
1253,2025-04-06T13:00:00+00:00,,,,Ads,EMEA
1254,2025-04-07T14:00:00+00:00,,,,Referral,Other
1255,2025-04-08T15:00:00+00:00,,,,Events,Other
1256,2025-04-09T16:00:00+00:00,2025-04-11T16:00:00+00:00,2025-04-14T16:00:00+00:00,,Ads,EMEA
1257,2025-04-10T17:00:00+00:00,,,,Organic,APAC
1258,2025-04-11T18:00:00+00:00,2025-04-12T18:00:00+00:00,2025-04-18T18:00:00+00:00,,Organic,EMEA
1259,2025-04-05T19:00:00+00:00,,,,Organic,AMER
1260,2025-04-06T20:00:00+00:00,,,,Organic,Other
1261,2025-04-07T21:00:00+00:00,2025-04-11T21:00:00+00:00,2025-04-13T21:00:00+00:00,,Ads,EMEA
1262,2025-04-08T22:00:00+00:00,,,,Other,EMEA
1263,2025-04-09T23:00:00+00:00,2025-04-12T23:00:00+00:00,,,Referral,Other
1264,2025-04-10T00:00:00+00:00,2025-04-11T00:00:00+00:00,,,Organic,APAC
1265,2025-04-11T01:00:00+00:00,,,,Other,Other
1266,2025-04-05T02:00:00+00:00,,,,Organic,Other
1267,2025-04-06T03:00:00+00:00,,,,Ads,AMER
1268,2025-04-07T04:00:00+00:00,2025-04-10T04:00:00+00:00,2025-04-16T04:00:00+00:00,,Referral,Other
1269,2025-04-08T05:00:00+00:00,,,,Referral,AMER
1270,2025-04-09T06:00:00+00:00,,,,Organic,AMER
1271,2025-04-10T07:00:00+00:00,,,,Other,Other
1272,2025-04-11T08:00:00+00:00,2025-04-15T08:00:00+00:00,2025-04-18T08:00:00+00:00,,Referral,APAC
1273,2025-04-05T09:00:00+00:00,2025-04-06T09:00:00+00:00,2025-04-10T09:00:00+00:00,,Other,APAC
1274,2025-04-06T10:00:00+00:00,2025-04-07T10:00:00+00:00,2025-04-15T10:00:00+00:00,,Organic,APAC
1275,2025-04-07T11:00:00+00:00,2025-04-10T11:00:00+00:00,2025-04-15T11:00:00+00:00,,Organic,Other
1276,2025-04-08T12:00:00+00:00,2025-04-12T12:00:00+00:00,,,Ads,APAC
1277,2025-04-09T13:00:00+00:00,,,,Ads,AMER
1278,2025-04-10T14:00:00+00:00,,,,Events,EMEA
1279,2025-04-11T15:00:00+00:00,,,,Referral,Other
1280,2025-04-05T16:00:00+00:00,,,,Ads,AMER
1281,2025-04-06T17:00:00+00:00,,,,Ads,EMEA
1282,2025-04-07T18:00:00+00:00,2025-04-10T18:00:00+00:00,,,Ads,APAC
1283,2025-04-08T19:00:00+00:00,,,,Organic,Other
1284,2025-04-09T20:00:00+00:00,,,,Organic,APAC
1285,2025-04-10T21:00:00+00:00,2025-04-13T21:00:00+00:00,2025-04-19T21:00:00+00:00,,Referral,Other
1286,2025-04-11T22:00:00+00:00,2025-04-14T22:00:00+00:00,,,Organic,AMER
1287,2025-04-05T23:00:00+00:00,,,,Referral,EMEA
1288,2025-04-06T00:00:00+00:00,,,,Ads,EMEA
1289,2025-04-07T01:00:00+00:00,,,,Referral,Other
1290,2025-04-08T02:00:00+00:00,2025-04-10T02:00:00+00:00,,,Referral,Other
1291,2025-04-09T03:00:00+00:00,2025-04-12T03:00:00+00:00,2025-04-14T03:00:00+00:00,,Ads,APAC
1292,2025-04-10T04:00:00+00:00,,,,Other,EMEA
1293,2025-04-11T05:00:00+00:00,,,,Organic,AMER
1294,2025-04-05T06:00:00+00:00,2025-04-07T06:00:00+00:00,2025-04-14T06:00:00+00:00,,Referral,AMER
1295,2025-04-06T07:00:00+00:00,,,,Events,APAC
1296,2025-04-07T08:00:00+00:00,,,,Other,EMEA
1297,2025-04-08T09:00:00+00:00,2025-04-09T09:00:00+00:00,2025-04-16T09:00:00+00:00,,Organic,EMEA
1298,2025-04-09T10:00:00+00:00,2025-04-12T10:00:00+00:00,2025-04-14T10:00:00+00:00,2025-04-21T10:00:00+00:00,Other,EMEA
1299,2025-04-10T11:00:00+00:00,2025-04-12T11:00:00+00:00,2025-04-19T11:00:00+00:00,2025-04-20T11:00:00+00:00,Other,EMEA
1300,2025-04-18T12:00:00+00:00,2025-04-21T12:00:00+00:00,2025-04-26T12:00:00+00:00,2025-05-07T12:00:00+00:00,Other,APAC
1301,2025-04-12T13:00:00+00:00,2025-04-16T13:00:00+00:00,2025-04-19T13:00:00+00:00,,Organic,APAC
1302,2025-04-13T14:00:00+00:00,,,,Events,AMER
1303,2025-04-14T15:00:00+00:00,2025-04-15T15:00:00+00:00,,,Other,AMER
1304,2025-04-15T16:00:00+00:00,,,,Organic,AMER
1305,2025-04-16T17:00:00+00:00,2025-04-18T17:00:00+00:00,2025-04-22T17:00:00+00:00,,Other,APAC
1306,2025-04-17T18:00:00+00:00,,,,Ads,APAC
1307,2025-04-18T19:00:00+00:00,,,,Organic,APAC
1308,2025-04-12T20:00:00+00:00,2025-04-14T20:00:00+00:00,2025-04-18T20:00:00+00:00,,Referral,Other
1309,2025-04-13T21:00:00+00:00,2025-04-14T21:00:00+00:00,2025-04-18T21:00:00+00:00,,Other,EMEA
1310,2025-04-14T22:00:00+00:00,2025-04-18T22:00:00+00:00,2025-04-22T22:00:00+00:00,,Referral,APAC
1311,2025-04-15T23:00:00+00:00,,,,Organic,APAC
1312,2025-04-16T00:00:00+00:00,2025-04-17T00:00:00+00:00,2025-04-23T00:00:00+00:00,2025-05-01T00:00:00+00:00,Referral,APAC
1313,2025-04-17T01:00:00+00:00,2025-04-19T01:00:00+00:00,2025-04-25T01:00:00+00:00,2025-05-01T01:00:00+00:00,Other,APAC
1314,2025-04-18T02:00:00+00:00,2025-04-19T02:00:00+00:00,2025-04-27T02:00:00+00:00,,Referral,Other
1315,2025-04-12T03:00:00+00:00,,,,Referral,APAC
1316,2025-04-13T04:00:00+00:00,2025-04-15T04:00:00+00:00,2025-04-21T04:00:00+00:00,,Referral,Other
1317,2025-04-14T05:00:00+00:00,,,,Referral,APAC
1318,2025-04-15T06:00:00+00:00,,,,Organic,Other
1319,2025-04-16T07:00:00+00:00,,,,Events,AMER
1320,2025-04-17T08:00:00+00:00,,,,Other,EMEA
1321,2025-04-18T09:00:00+00:00,2025-04-21T09:00:00+00:00,,,Organic,Other
1322,2025-04-12T10:00:00+00:00,2025-04-14T10:00:00+00:00,,,Organic,Other
1323,2025-04-13T11:00:00+00:00,,,,Other,APAC
1324,2025-04-14T12:00:00+00:00,2025-04-16T12:00:00+00:00,2025-04-21T12:00:00+00:00,,Ads,Other
1325,2025-04-15T13:00:00+00:00,2025-04-19T13:00:00+00:00,2025-04-24T13:00:00+00:00,,Referral,EMEA
1326,2025-04-16T14:00:00+00:00,2025-04-17T14:00:00+00:00,,,Events,Other
1327,2025-04-17T15:00:00+00:00,2025-04-18T15:00:00+00:00,2025-04-25T15:00:00+00:00,2025-04-30T15:00:00+00:00,Organic,Other
1328,2025-04-18T16:00:00+00:00,2025-04-19T16:00:00+00:00,,,Ads,EMEA
1329,2025-04-12T17:00:00+00:00,2025-04-14T17:00:00+00:00,,,Referral,EMEA
1330,2025-04-13T18:00:00+00:00,,,,Other,Other
1331,2025-04-14T19:00:00+00:00,,,,Referral,Other
1332,2025-04-15T20:00:00+00:00,,,,Other,AMER
1333,2025-04-16T21:00:00+00:00,,,,Referral,AMER
1334,2025-04-17T22:00:00+00:00,,,,Organic,EMEA
1335,2025-04-18T23:00:00+00:00,2025-04-19T23:00:00+00:00,,,Referral,APAC
1336,2025-04-12T00:00:00+00:00,,,,Other,APAC
1337,2025-04-13T01:00:00+00:00,2025-04-17T01:00:00+00:00,2025-04-21T01:00:00+00:00,,Referral,AMER
1338,2025-04-14T02:00:00+00:00,,,,Events,Other
1339,2025-04-15T03:00:00+00:00,2025-04-16T03:00:00+00:00,,,Other,AMER
1340,2025-04-16T04:00:00+00:00,,,,Referral,APAC
1341,2025-04-17T05:00:00+00:00,2025-04-20T05:00:00+00:00,2025-04-25T05:00:00+00:00,,Organic,APAC
1342,2025-04-18T06:00:00+00:00,2025-04-19T06:00:00+00:00,,,Events,EMEA
1343,2025-04-12T07:00:00+00:00,,,,Referral,Other
1344,2025-04-13T08:00:00+00:00,2025-04-14T08:00:00+00:00,,,Other,Other
1345,2025-04-14T09:00:00+00:00,,,,Organic,Other
1346,2025-04-15T10:00:00+00:00,2025-04-16T10:00:00+00:00,2025-04-24T10:00:00+00:00,,Organic,AMER
1347,2025-04-16T11:00:00+00:00,2025-04-19T11:00:00+00:00,2025-04-21T11:00:00+00:00,,Events,Other
1348,2025-04-17T12:00:00+00:00,,,,Ads,Other
1349,2025-04-18T13:00:00+00:00,2025-04-20T13:00:00+00:00,2025-04-24T13:00:00+00:00,,Referral,Other
1350,2025-04-19T14:00:00+00:00,2025-04-23T14:00:00+00:00,2025-04-25T14:00:00+00:00,,Referral,APAC
1351,2025-04-20T15:00:00+00:00,,,,Events,EMEA
1352,2025-04-21T16:00:00+00:00,,,,Referral,EMEA
1353,2025-04-22T17:00:00+00:00,,,,Ads,APAC
1354,2025-04-23T18:00:00+00:00,2025-04-25T18:00:00+00:00,2025-05-01T18:00:00+00:00,,Organic,Other
1355,2025-04-24T19:00:00+00:00,2025-04-28T19:00:00+00:00,2025-04-29T19:00:00+00:00,2025-05-04T19:00:00+00:00,Other,Other
1356,2025-04-25T20:00:00+00:00,2025-04-28T20:00:00+00:00,2025-05-01T20:00:00+00:00,,Organic,AMER
1357,2025-04-19T21:00:00+00:00,2025-04-22T21:00:00+00:00,,,Referral,APAC
1358,2025-04-20T22:00:00+00:00,,,,Ads,EMEA
1359,2025-04-21T23:00:00+00:00,,,,Ads,EMEA
1360,2025-04-22T00:00:00+00:00,,,,Organic,Other
1361,2025-04-23T01:00:00+00:00,,,,Referral,AMER
1362,2025-04-24T02:00:00+00:00,2025-04-28T02:00:00+00:00,2025-04-30T02:00:00+00:00,,Referral,AMER
1363,2025-04-25T03:00:00+00:00,,,,Organic,EMEA
1364,2025-04-19T04:00:00+00:00,2025-04-21T04:00:00+00:00,2025-04-27T04:00:00+00:00,2025-05-01T04:00:00+00:00,Organic,AMER
1365,2025-04-20T05:00:00+00:00,,,,Events,APAC
1366,2025-04-21T06:00:00+00:00,2025-04-24T06:00:00+00:00,2025-04-28T06:00:00+00:00,2025-05-06T06:00:00+00:00,Organic,AMER
1367,2025-04-22T07:00:00+00:00,2025-04-26T07:00:00+00:00,2025-04-29T07:00:00+00:00,,Organic,AMER
1368,2025-04-23T08:00:00+00:00,,,,Other,EMEA
1369,2025-04-24T09:00:00+00:00,2025-04-25T09:00:00+00:00,,,Ads,EMEA
1370,2025-04-25T10:00:00+00:00,,,,Organic,APAC
1371,2025-04-19T11:00:00+00:00,,,,Other,Other
1372,2025-04-20T12:00:00+00:00,,,,Events,Other
1373,2025-04-21T13:00:00+00:00,2025-04-22T13:00:00+00:00,2025-04-26T13:00:00+00:00,,Other,EMEA
1374,2025-04-22T14:00:00+00:00,2025-04-24T14:00:00+00:00,2025-04-30T14:00:00+00:00,,Organic,AMER
1375,2025-04-23T15:00:00+00:00,,,,Other,Other
1376,2025-04-24T16:00:00+00:00,2025-04-26T16:00:00+00:00,,,Ads,AMER
1377,2025-04-25T17:00:00+00:00,,,,Events,Other
1378,2025-04-19T18:00:00+00:00,,,,Organic,Other
1379,2025-04-20T19:00:00+00:00,2025-04-22T19:00:00+00:00,2025-04-29T19:00:00+00:00,2025-05-08T19:00:00+00:00,Events,APAC
1380,2025-04-21T20:00:00+00:00,2025-04-25T20:00:00+00:00,2025-04-29T20:00:00+00:00,,Ads,AMER
1381,2025-04-22T21:00:00+00:00,2025-04-26T21:00:00+00:00,2025-05-01T21:00:00+00:00,2025-05-02T21:00:00+00:00,Events,Other
1382,2025-04-23T22:00:00+00:00,2025-04-26T22:00:00+00:00,2025-04-30T22:00:00+00:00,,Organic,APAC
1383,2025-04-24T23:00:00+00:00,2025-04-26T23:00:00+00:00,2025-05-03T23:00:00+00:00,2025-05-04T23:00:00+00:00,Ads,Other
1384,2025-04-25T00:00:00+00:00,2025-04-29T00:00:00+00:00,2025-05-04T00:00:00+00:00,,Events,APAC
1385,2025-04-19T01:00:00+00:00,,,,Events,Other
1386,2025-04-20T02:00:00+00:00,,,,Events,AMER
1387,2025-04-21T03:00:00+00:00,2025-04-23T03:00:00+00:00,,,Ads,AMER
1388,2025-04-22T04:00:00+00:00,2025-04-24T04:00:00+00:00,2025-04-29T04:00:00+00:00,,Other,AMER
1389,2025-04-23T05:00:00+00:00,2025-04-24T05:00:00+00:00,2025-05-01T05:00:00+00:00,2025-05-07T05:00:00+00:00,Organic,Other
1390,2025-04-24T06:00:00+00:00,,,,Organic,APAC
1391,2025-04-25T07:00:00+00:00,,,,Ads,AMER
1392,2025-04-19T08:00:00+00:00,2025-04-22T08:00:00+00:00,2025-04-27T08:00:00+00:00,,Other,Other
1393,2025-04-20T09:00:00+00:00,,,,Organic,Other
1394,2025-04-21T10:00:00+00:00,,,,Organic,APAC
1395,2025-04-22T11:00:00+00:00,2025-04-26T11:00:00+00:00,2025-05-01T11:00:00+00:00,,Organic,APAC
1396,2025-04-23T12:00:00+00:00,,,,Organic,AMER
1397,2025-04-24T13:00:00+00:00,,,,Organic,EMEA
1398,2025-04-25T14:00:00+00:00,,,,Ads,Other
1399,2025-04-19T15:00:00+00:00,2025-04-20T15:00:00+00:00,,,Ads,APAC
1400,2025-04-27T16:00:00+00:00,2025-05-01T16:00:00+00:00,,,Other,APAC
1401,2025-04-28T17:00:00+00:00,2025-05-02T17:00:00+00:00,2025-05-03T17:00:00+00:00,,Ads,Other
1402,2025-04-29T18:00:00+00:00,,,,Other,APAC
1403,2025-04-30T19:00:00+00:00,2025-05-03T19:00:00+00:00,,,Other,EMEA
1404,2025-05-01T20:00:00+00:00,2025-05-03T20:00:00+00:00,2025-05-07T20:00:00+00:00,,Ads,AMER
1405,2025-05-02T21:00:00+00:00,2025-05-05T21:00:00+00:00,2025-05-07T21:00:00+00:00,,Ads,Other
1406,2025-04-26T22:00:00+00:00,,,,Other,AMER
1407,2025-04-27T23:00:00+00:00,2025-04-28T23:00:00+00:00,2025-05-02T23:00:00+00:00,,Organic,AMER
1408,2025-04-28T00:00:00+00:00,,,,Organic,EMEA
1409,2025-04-29T01:00:00+00:00,2025-05-02T01:00:00+00:00,2025-05-05T01:00:00+00:00,,Other,APAC
1410,2025-04-30T02:00:00+00:00,2025-05-04T02:00:00+00:00,2025-05-09T02:00:00+00:00,2025-05-13T02:00:00+00:00,Referral,Other
1411,2025-05-01T03:00:00+00:00,,,,Organic,Other
1412,2025-05-02T04:00:00+00:00,,,,Other,APAC
1413,2025-04-26T05:00:00+00:00,2025-04-29T05:00:00+00:00,,,Other,Other
1414,2025-04-27T06:00:00+00:00,,,,Events,AMER
1415,2025-04-28T07:00:00+00:00,2025-05-02T07:00:00+00:00,,,Referral,EMEA
1416,2025-04-29T08:00:00+00:00,2025-05-03T08:00:00+00:00,2025-05-07T08:00:00+00:00,,Other,AMER
1417,2025-04-30T09:00:00+00:00,,,,Organic,Other
1418,2025-05-01T10:00:00+00:00,,,,Organic,APAC
1419,2025-05-02T11:00:00+00:00,,,,Organic,APAC
1420,2025-04-26T12:00:00+00:00,,,,Events,EMEA
1421,2025-04-27T13:00:00+00:00,,,,Ads,EMEA
1422,2025-04-28T14:00:00+00:00,2025-05-02T14:00:00+00:00,,,Events,EMEA
1423,2025-04-29T15:00:00+00:00,,,,Ads,Other
1424,2025-04-30T16:00:00+00:00,2025-05-02T16:00:00+00:00,2025-05-09T16:00:00+00:00,,Other,EMEA
1425,2025-05-01T17:00:00+00:00,,,,Organic,APAC
1426,2025-05-02T18:00:00+00:00,,,,Organic,APAC
1427,2025-04-26T19:00:00+00:00,,,,Ads,EMEA
1428,2025-04-27T20:00:00+00:00,2025-05-01T20:00:00+00:00,2025-05-04T20:00:00+00:00,,Organic,APAC
1429,2025-04-28T21:00:00+00:00,2025-05-02T21:00:00+00:00,2025-05-04T21:00:00+00:00,2025-05-08T21:00:00+00:00,Referral,Other
1430,2025-04-29T22:00:00+00:00,,,,Other,APAC
1431,2025-04-30T23:00:00+00:00,2025-05-01T23:00:00+00:00,,,Events,AMER
1432,2025-05-01T00:00:00+00:00,,,,Organic,APAC
1433,2025-05-02T01:00:00+00:00,2025-05-03T01:00:00+00:00,2025-05-07T01:00:00+00:00,,Referral,AMER
1434,2025-04-26T02:00:00+00:00,,,,Referral,EMEA
1435,2025-04-27T03:00:00+00:00,2025-04-30T03:00:00+00:00,,,Referral,AMER
1436,2025-04-28T04:00:00+00:00,2025-04-30T04:00:00+00:00,2025-05-04T04:00:00+00:00,,Other,EMEA
1437,2025-04-29T05:00:00+00:00,2025-04-30T05:00:00+00:00,,,Referral,APAC
1438,2025-04-30T06:00:00+00:00,2025-05-03T06:00:00+00:00,2025-05-08T06:00:00+00:00,,Events,EMEA
1439,2025-05-01T07:00:00+00:00,,,,Events,AMER
1440,2025-05-02T08:00:00+00:00,,,,Organic,AMER
1441,2025-04-26T09:00:00+00:00,,,,Other,EMEA
1442,2025-04-27T10:00:00+00:00,2025-04-29T10:00:00+00:00,2025-05-05T10:00:00+00:00,,Ads,AMER
1443,2025-04-28T11:00:00+00:00,,,,Events,Other
1444,2025-04-29T12:00:00+00:00,,,,Organic,Other
1445,2025-04-30T13:00:00+00:00,,,,Other,AMER
1446,2025-05-01T14:00:00+00:00,,,,Organic,EMEA
1447,2025-05-02T15:00:00+00:00,2025-05-05T15:00:00+00:00,,,Ads,Other
1448,2025-04-26T16:00:00+00:00,,,,Events,AMER
1449,2025-04-27T17:00:00+00:00,,,,Other,AMER
1450,2025-05-05T18:00:00+00:00,2025-05-09T18:00:00+00:00,2025-05-13T18:00:00+00:00,,Events,APAC
1451,2025-05-06T19:00:00+00:00,,,,Other,Other
1452,2025-05-07T20:00:00+00:00,,,,Organic,Other
1453,2025-05-08T21:00:00+00:00,,,,Ads,APAC
1454,2025-05-09T22:00:00+00:00,,,,Events,EMEA
1455,2025-05-03T23:00:00+00:00,2025-05-07T23:00:00+00:00,2025-05-09T23:00:00+00:00,,Ads,APAC
1456,2025-05-04T00:00:00+00:00,2025-05-05T00:00:00+00:00,2025-05-11T00:00:00+00:00,,Organic,Other
1457,2025-05-05T01:00:00+00:00,,,,Referral,EMEA
1458,2025-05-06T02:00:00+00:00,2025-05-08T02:00:00+00:00,2025-05-14T02:00:00+00:00,2025-05-16T02:00:00+00:00,Organic,EMEA
1459,2025-05-07T03:00:00+00:00,,,,Referral,EMEA
1460,2025-05-08T04:00:00+00:00,,,,Referral,Other
1461,2025-05-09T05:00:00+00:00,2025-05-11T05:00:00+00:00,2025-05-18T05:00:00+00:00,2025-05-20T05:00:00+00:00,Referral,EMEA
1462,2025-05-03T06:00:00+00:00,,,,Organic,Other
1463,2025-05-04T07:00:00+00:00,,,,Organic,APAC
1464,2025-05-05T08:00:00+00:00,2025-05-06T08:00:00+00:00,,,Ads,EMEA
1465,2025-05-06T09:00:00+00:00,,,,Other,Other
1466,2025-05-07T10:00:00+00:00,,,,Ads,EMEA
1467,2025-05-08T11:00:00+00:00,2025-05-09T11:00:00+00:00,2025-05-17T11:00:00+00:00,2025-05-26T11:00:00+00:00,Events,APAC
1468,2025-05-09T12:00:00+00:00,,,,Events,APAC
1469,2025-05-03T13:00:00+00:00,,,,Events,EMEA
1470,2025-05-04T14:00:00+00:00,2025-05-07T14:00:00+00:00,,,Other,AMER
1471,2025-05-05T15:00:00+00:00,,,,Events,AMER
1472,2025-05-06T16:00:00+00:00,2025-05-09T16:00:00+00:00,2025-05-12T16:00:00+00:00,,Organic,EMEA
1473,2025-05-07T17:00:00+00:00,,,,Other,AMER
1474,2025-05-08T18:00:00+00:00,,,,Ads,AMER
1475,2025-05-09T19:00:00+00:00,2025-05-12T19:00:00+00:00,2025-05-17T19:00:00+00:00,,Referral,AMER
1476,2025-05-03T20:00:00+00:00,,,,Events,APAC
1477,2025-05-04T21:00:00+00:00,,,,Ads,APAC
1478,2025-05-05T22:00:00+00:00,,,,Events,APAC
1479,2025-05-06T23:00:00+00:00,,,,Events,EMEA
1480,2025-05-07T00:00:00+00:00,2025-05-10T00:00:00+00:00,,,Other,AMER
1481,2025-05-08T01:00:00+00:00,2025-05-12T01:00:00+00:00,2025-05-17T01:00:00+00:00,,Other,EMEA
1482,2025-05-09T02:00:00+00:00,2025-05-11T02:00:00+00:00,2025-05-18T02:00:00+00:00,,Organic,Other
1483,2025-05-03T03:00:00+00:00,,,,Ads,APAC
1484,2025-05-04T04:00:00+00:00,2025-05-06T04:00:00+00:00,,,Other,EMEA
1485,2025-05-05T05:00:00+00:00,2025-05-09T05:00:00+00:00,2025-05-12T05:00:00+00:00,2025-05-19T05:00:00+00:00,Events,Other
1486,2025-05-06T06:00:00+00:00,2025-05-08T06:00:00+00:00,2025-05-12T06:00:00+00:00,,Events,EMEA
1487,2025-05-07T07:00:00+00:00,2025-05-08T07:00:00+00:00,,,Other,EMEA
1488,2025-05-08T08:00:00+00:00,2025-05-10T08:00:00+00:00,,,Ads,Other
1489,2025-05-09T09:00:00+00:00,,,,Ads,APAC
1490,2025-05-03T10:00:00+00:00,,,,Events,Other
1491,2025-05-04T11:00:00+00:00,2025-05-06T11:00:00+00:00,,,Events,Other
1492,2025-05-05T12:00:00+00:00,2025-05-08T12:00:00+00:00,2025-05-12T12:00:00+00:00,,Ads,AMER
1493,2025-05-06T13:00:00+00:00,,,,Other,AMER
1494,2025-05-07T14:00:00+00:00,2025-05-11T14:00:00+00:00,2025-05-16T14:00:00+00:00,2025-05-24T14:00:00+00:00,Ads,AMER
1495,2025-05-08T15:00:00+00:00,,,,Other,AMER
1496,2025-05-09T16:00:00+00:00,2025-05-13T16:00:00+00:00,2025-05-17T16:00:00+00:00,,Organic,AMER
1497,2025-05-03T17:00:00+00:00,2025-05-06T17:00:00+00:00,,,Referral,AMER
1498,2025-05-04T18:00:00+00:00,,,,Referral,AMER
1499,2025-05-05T19:00:00+00:00,2025-05-06T19:00:00+00:00,,,Organic,EMEA
1500,2025-05-13T20:00:00+00:00,2025-05-17T20:00:00+00:00,,,Ads,APAC
1501,2025-05-14T21:00:00+00:00,2025-05-16T21:00:00+00:00,2025-05-22T21:00:00+00:00,,Ads,APAC
1502,2025-05-15T22:00:00+00:00,,,,Organic,EMEA
1503,2025-05-16T23:00:00+00:00,,,,Events,AMER
1504,2025-05-10T00:00:00+00:00,,,,Other,APAC
1505,2025-05-11T01:00:00+00:00,,,,Events,EMEA
1506,2025-05-12T02:00:00+00:00,2025-05-15T02:00:00+00:00,2025-05-18T02:00:00+00:00,2025-05-30T02:00:00+00:00,Referral,EMEA
1507,2025-05-13T03:00:00+00:00,2025-05-14T03:00:00+00:00,2025-05-21T03:00:00+00:00,2025-05-27T03:00:00+00:00,Events,Other
1508,2025-05-14T04:00:00+00:00,2025-05-15T04:00:00+00:00,,,Referral,EMEA
1509,2025-05-15T05:00:00+00:00,,,,Ads,Other
1510,2025-05-16T06:00:00+00:00,,,,Organic,APAC
1511,2025-05-10T07:00:00+00:00,,,,Other,EMEA
1512,2025-05-11T08:00:00+00:00,,,,Events,Other
1513,2025-05-12T09:00:00+00:00,2025-05-14T09:00:00+00:00,,,Ads,EMEA
1514,2025-05-13T10:00:00+00:00,,,,Other,EMEA
1515,2025-05-14T11:00:00+00:00,2025-05-15T11:00:00+00:00,,,Referral,EMEA
1516,2025-05-15T12:00:00+00:00,2025-05-18T12:00:00+00:00,2025-05-23T12:00:00+00:00,,Referral,APAC
1517,2025-05-16T13:00:00+00:00,,,,Referral,AMER
1518,2025-05-10T14:00:00+00:00,2025-05-13T14:00:00+00:00,,,Events,AMER
1519,2025-05-11T15:00:00+00:00,,,,Other,AMER
1520,2025-05-12T16:00:00+00:00,2025-05-14T16:00:00+00:00,2025-05-17T16:00:00+00:00,,Referral,APAC
1521,2025-05-13T17:00:00+00:00,2025-05-16T17:00:00+00:00,2025-05-19T17:00:00+00:00,,Ads,EMEA
1522,2025-05-14T18:00:00+00:00,,,,Referral,AMER
1523,2025-05-15T19:00:00+00:00,,,,Other,APAC
1524,2025-05-16T20:00:00+00:00,,,,Organic,EMEA
1525,2025-05-10T21:00:00+00:00,,,,Events,APAC
1526,2025-05-11T22:00:00+00:00,2025-05-12T22:00:00+00:00,,,Ads,Other
1527,2025-05-12T23:00:00+00:00,2025-05-15T23:00:00+00:00,,,Referral,APAC
1528,2025-05-13T00:00:00+00:00,2025-05-16T00:00:00+00:00,2025-05-21T00:00:00+00:00,,Referral,EMEA
1529,2025-05-14T01:00:00+00:00,2025-05-15T01:00:00+00:00,2025-05-23T01:00:00+00:00,2025-05-27T01:00:00+00:00,Events,APAC
1530,2025-05-15T02:00:00+00:00,2025-05-16T02:00:00+00:00,2025-05-23T02:00:00+00:00,,Referral,Other
1531,2025-05-16T03:00:00+00:00,2025-05-18T03:00:00+00:00,2025-05-24T03:00:00+00:00,2025-06-02T03:00:00+00:00,Organic,EMEA
1532,2025-05-10T04:00:00+00:00,,,,Events,Other
1533,2025-05-11T05:00:00+00:00,2025-05-14T05:00:00+00:00,2025-05-20T05:00:00+00:00,,Organic,EMEA
1534,2025-05-12T06:00:00+00:00,2025-05-16T06:00:00+00:00,2025-05-21T06:00:00+00:00,2025-05-28T06:00:00+00:00,Ads,AMER
1535,2025-05-13T07:00:00+00:00,2025-05-16T07:00:00+00:00,2025-05-20T07:00:00+00:00,,Referral,APAC
1536,2025-05-14T08:00:00+00:00,,,,Other,APAC
1537,2025-05-15T09:00:00+00:00,2025-05-19T09:00:00+00:00,2025-05-22T09:00:00+00:00,,Events,AMER
1538,2025-05-16T10:00:00+00:00,,,,Organic,Other
1539,2025-05-10T11:00:00+00:00,2025-05-14T11:00:00+00:00,2025-05-16T11:00:00+00:00,2025-05-20T11:00:00+00:00,Other,EMEA
1540,2025-05-11T12:00:00+00:00,,,,Other,AMER
1541,2025-05-12T13:00:00+00:00,,,,Organic,AMER
1542,2025-05-13T14:00:00+00:00,2025-05-16T14:00:00+00:00,2025-05-22T14:00:00+00:00,,Other,EMEA
1543,2025-05-14T15:00:00+00:00,,,,Events,EMEA
1544,2025-05-15T16:00:00+00:00,,,,Organic,AMER
1545,2025-05-16T17:00:00+00:00,2025-05-17T17:00:00+00:00,2025-05-21T17:00:00+00:00,2025-06-03T17:00:00+00:00,Events,Other
1546,2025-05-10T18:00:00+00:00,2025-05-11T18:00:00+00:00,2025-05-18T18:00:00+00:00,2025-05-25T18:00:00+00:00,Events,AMER
1547,2025-05-11T19:00:00+00:00,2025-05-15T19:00:00+00:00,,,Organic,Other
1548,2025-05-12T20:00:00+00:00,2025-05-15T20:00:00+00:00,2025-05-21T20:00:00+00:00,2025-05-30T20:00:00+00:00,Other,Other
1549,2025-05-13T21:00:00+00:00,2025-05-17T21:00:00+00:00,,,Referral,APAC
1550,2025-05-21T22:00:00+00:00,2025-05-23T22:00:00+00:00,2025-05-27T22:00:00+00:00,,Referral,Other
1551,2025-05-22T23:00:00+00:00,2025-05-26T23:00:00+00:00,,,Organic,EMEA
1552,2025-05-23T00:00:00+00:00,2025-05-27T00:00:00+00:00,,,Other,EMEA
1553,2025-05-17T01:00:00+00:00,,,,Other,AMER
1554,2025-05-18T02:00:00+00:00,,,,Other,Other
1555,2025-05-19T03:00:00+00:00,2025-05-22T03:00:00+00:00,,,Events,APAC
1556,2025-05-20T04:00:00+00:00,2025-05-21T04:00:00+00:00,2025-05-28T04:00:00+00:00,,Ads,AMER
1557,2025-05-21T05:00:00+00:00,,,,Ads,APAC
1558,2025-05-22T06:00:00+00:00,,,,Other,EMEA
1559,2025-05-23T07:00:00+00:00,2025-05-26T07:00:00+00:00,2025-05-28T07:00:00+00:00,,Organic,APAC
1560,2025-05-17T08:00:00+00:00,2025-05-18T08:00:00+00:00,,,Ads,EMEA
1561,2025-05-18T09:00:00+00:00,2025-05-22T09:00:00+00:00,2025-05-27T09:00:00+00:00,,Events,Other
1562,2025-05-19T10:00:00+00:00,,,,Events,AMER
1563,2025-05-20T11:00:00+00:00,2025-05-24T11:00:00+00:00,,,Ads,Other
1564,2025-05-21T12:00:00+00:00,2025-05-22T12:00:00+00:00,2025-05-29T12:00:00+00:00,,Other,AMER
1565,2025-05-22T13:00:00+00:00,,,,Events,EMEA
1566,2025-05-23T14:00:00+00:00,2025-05-24T14:00:00+00:00,2025-05-31T14:00:00+00:00,,Organic,APAC
1567,2025-05-17T15:00:00+00:00,2025-05-20T15:00:00+00:00,,,Ads,EMEA
1568,2025-05-18T16:00:00+00:00,2025-05-20T16:00:00+00:00,2025-05-23T16:00:00+00:00,,Referral,AMER
1569,2025-05-19T17:00:00+00:00,2025-05-22T17:00:00+00:00,2025-05-25T17:00:00+00:00,2025-06-06T17:00:00+00:00,Events,APAC
1570,2025-05-20T18:00:00+00:00,,,,Ads,AMER
1571,2025-05-21T19:00:00+00:00,2025-05-23T19:00:00+00:00,2025-05-27T19:00:00+00:00,,Events,EMEA
1572,2025-05-22T20:00:00+00:00,2025-05-25T20:00:00+00:00,2025-05-29T20:00:00+00:00,2025-06-08T20:00:00+00:00,Ads,Other
1573,2025-05-23T21:00:00+00:00,2025-05-27T21:00:00+00:00,2025-05-31T21:00:00+00:00,,Other,Other
1574,2025-05-17T22:00:00+00:00,,,,Referral,Other
1575,2025-05-18T23:00:00+00:00,2025-05-21T23:00:00+00:00,2025-05-23T23:00:00+00:00,,Other,APAC
1576,2025-05-19T00:00:00+00:00,,,,Organic,Other
1577,2025-05-20T01:00:00+00:00,,,,Organic,AMER
1578,2025-05-21T02:00:00+00:00,,,,Referral,APAC
1579,2025-05-22T03:00:00+00:00,,,,Ads,Other
1580,2025-05-23T04:00:00+00:00,,,,Organic,EMEA
1581,2025-05-17T05:00:00+00:00,2025-05-18T05:00:00+00:00,,,Events,APAC
1582,2025-05-18T06:00:00+00:00,2025-05-20T06:00:00+00:00,2025-05-25T06:00:00+00:00,,Ads,AMER
1583,2025-05-19T07:00:00+00:00,,,,Events,Other
1584,2025-05-20T08:00:00+00:00,2025-05-24T08:00:00+00:00,2025-05-27T08:00:00+00:00,,Organic,Other
1585,2025-05-21T09:00:00+00:00,,,,Organic,EMEA
1586,2025-05-22T10:00:00+00:00,,,,Referral,Other
1587,2025-05-23T11:00:00+00:00,,,,Referral,AMER
1588,2025-05-17T12:00:00+00:00,2025-05-20T12:00:00+00:00,,,Ads,APAC
1589,2025-05-18T13:00:00+00:00,,,,Referral,AMER
1590,2025-05-19T14:00:00+00:00,2025-05-20T14:00:00+00:00,,,Organic,AMER
1591,2025-05-20T15:00:00+00:00,,,,Events,AMER
1592,2025-05-21T16:00:00+00:00,2025-05-22T16:00:00+00:00,,,Ads,Other
1593,2025-05-22T17:00:00+00:00,2025-05-26T17:00:00+00:00,,,Events,EMEA
1594,2025-05-23T18:00:00+00:00,,,,Other,AMER
1595,2025-05-17T19:00:00+00:00,,,,Other,EMEA
1596,2025-05-18T20:00:00+00:00,,,,Events,Other
1597,2025-05-19T21:00:00+00:00,2025-05-20T21:00:00+00:00,,,Other,AMER
1598,2025-05-20T22:00:00+00:00,2025-05-21T22:00:00+00:00,,,Referral,AMER
1599,2025-05-21T23:00:00+00:00,2025-05-23T23:00:00+00:00,2025-05-29T23:00:00+00:00,,Referral,AMER
1600,2025-05-29T00:00:00+00:00,,,,Referral,Other
1601,2025-05-30T01:00:00+00:00,2025-06-03T01:00:00+00:00,,,Organic,EMEA
1602,2025-05-24T02:00:00+00:00,2025-05-28T02:00:00+00:00,,,Referral,AMER
1603,2025-05-25T03:00:00+00:00,,,,Ads,Other
1604,2025-05-26T04:00:00+00:00,2025-05-29T04:00:00+00:00,,,Ads,AMER
1605,2025-05-27T05:00:00+00:00,,,,Ads,Other
1606,2025-05-28T06:00:00+00:00,,,,Events,EMEA
1607,2025-05-29T07:00:00+00:00,2025-05-30T07:00:00+00:00,2025-06-03T07:00:00+00:00,2025-06-08T07:00:00+00:00,Events,APAC
1608,2025-05-30T08:00:00+00:00,,,,Other,AMER
1609,2025-05-24T09:00:00+00:00,2025-05-26T09:00:00+00:00,,,Events,AMER
1610,2025-05-25T10:00:00+00:00,,,,Organic,APAC
1611,2025-05-26T11:00:00+00:00,2025-05-28T11:00:00+00:00,,,Other,EMEA
1612,2025-05-27T12:00:00+00:00,,,,Events,AMER
1613,2025-05-28T13:00:00+00:00,2025-05-30T13:00:00+00:00,,,Other,APAC
1614,2025-05-29T14:00:00+00:00,2025-05-30T14:00:00+00:00,2025-06-03T14:00:00+00:00,,Ads,APAC
1615,2025-05-30T15:00:00+00:00,2025-06-02T15:00:00+00:00,,,Ads,Other
1616,2025-05-24T16:00:00+00:00,,,,Events,EMEA
1617,2025-05-25T17:00:00+00:00,2025-05-28T17:00:00+00:00,2025-06-01T17:00:00+00:00,,Other,EMEA
1618,2025-05-26T18:00:00+00:00,,,,Referral,EMEA
1619,2025-05-27T19:00:00+00:00,,,,Other,AMER
1620,2025-05-28T20:00:00+00:00,2025-05-31T20:00:00+00:00,2025-06-05T20:00:00+00:00,,Other,AMER
1621,2025-05-29T21:00:00+00:00,,,,Organic,Other
1622,2025-05-30T22:00:00+00:00,,,,Ads,APAC
1623,2025-05-24T23:00:00+00:00,2025-05-26T23:00:00+00:00,2025-05-29T23:00:00+00:00,2025-06-08T23:00:00+00:00,Organic,AMER
1624,2025-05-25T00:00:00+00:00,2025-05-29T00:00:00+00:00,2025-05-30T00:00:00+00:00,,Ads,AMER
1625,2025-05-26T01:00:00+00:00,2025-05-29T01:00:00+00:00,2025-06-03T01:00:00+00:00,2025-06-10T01:00:00+00:00,Ads,EMEA
1626,2025-05-27T02:00:00+00:00,2025-05-31T02:00:00+00:00,2025-06-04T02:00:00+00:00,2025-06-12T02:00:00+00:00,Other,APAC
1627,2025-05-28T03:00:00+00:00,,,,Organic,AMER
1628,2025-05-29T04:00:00+00:00,2025-05-30T04:00:00+00:00,2025-06-07T04:00:00+00:00,2025-06-08T04:00:00+00:00,Other,AMER
1629,2025-05-30T05:00:00+00:00,,,,Ads,AMER
1630,2025-05-24T06:00:00+00:00,2025-05-27T06:00:00+00:00,2025-05-31T06:00:00+00:00,2025-06-03T06:00:00+00:00,Events,AMER
1631,2025-05-25T07:00:00+00:00,2025-05-29T07:00:00+00:00,,,Other,Other
1632,2025-05-26T08:00:00+00:00,,,,Ads,APAC
1633,2025-05-27T09:00:00+00:00,,,,Events,EMEA
1634,2025-05-28T10:00:00+00:00,,,,Ads,AMER
1635,2025-05-29T11:00:00+00:00,2025-05-31T11:00:00+00:00,2025-06-03T11:00:00+00:00,,Organic,EMEA
1636,2025-05-30T12:00:00+00:00,2025-06-01T12:00:00+00:00,,,Events,EMEA
1637,2025-05-24T13:00:00+00:00,2025-05-27T13:00:00+00:00,2025-06-01T13:00:00+00:00,,Events,EMEA
1638,2025-05-25T14:00:00+00:00,2025-05-26T14:00:00+00:00,,,Other,APAC
1639,2025-05-26T15:00:00+00:00,,,,Referral,AMER
1640,2025-05-27T16:00:00+00:00,,,,Organic,AMER
1641,2025-05-28T17:00:00+00:00,,,,Ads,AMER
1642,2025-05-29T18:00:00+00:00,,,,Events,EMEA
1643,2025-05-30T19:00:00+00:00,2025-06-01T19:00:00+00:00,2025-06-06T19:00:00+00:00,,Organic,APAC
1644,2025-05-24T20:00:00+00:00,,,,Events,AMER
1645,2025-05-25T21:00:00+00:00,2025-05-28T21:00:00+00:00,2025-05-31T21:00:00+00:00,,Ads,AMER
1646,2025-05-26T22:00:00+00:00,2025-05-29T22:00:00+00:00,,,Events,APAC
1647,2025-05-27T23:00:00+00:00,,,,Organic,Other
1648,2025-05-28T00:00:00+00:00,,,,Ads,APAC
1649,2025-05-29T01:00:00+00:00,,,,Events,Other
1650,2025-06-06T02:00:00+00:00,,,,Referral,AMER
1651,2025-05-31T03:00:00+00:00,,,,Ads,AMER
1652,2025-06-01T04:00:00+00:00,2025-06-04T04:00:00+00:00,2025-06-07T04:00:00+00:00,,Events,Other
1653,2025-06-02T05:00:00+00:00,,,,Organic,Other
1654,2025-06-03T06:00:00+00:00,2025-06-06T06:00:00+00:00,2025-06-08T06:00:00+00:00,,Events,AMER
1655,2025-06-04T07:00:00+00:00,2025-06-08T07:00:00+00:00,2025-06-11T07:00:00+00:00,,Referral,EMEA
1656,2025-06-05T08:00:00+00:00,,,,Ads,EMEA
1657,2025-06-06T09:00:00+00:00,,,,Organic,Other
1658,2025-05-31T10:00:00+00:00,2025-06-04T10:00:00+00:00,2025-06-08T10:00:00+00:00,2025-06-11T10:00:00+00:00,Other,EMEA
1659,2025-06-01T11:00:00+00:00,2025-06-04T11:00:00+00:00,2025-06-10T11:00:00+00:00,,Referral,EMEA
1660,2025-06-02T12:00:00+00:00,2025-06-06T12:00:00+00:00,2025-06-09T12:00:00+00:00,2025-06-16T12:00:00+00:00,Organic,APAC
1661,2025-06-03T13:00:00+00:00,,,,Other,EMEA
1662,2025-06-04T14:00:00+00:00,2025-06-07T14:00:00+00:00,,,Events,EMEA
1663,2025-06-05T15:00:00+00:00,,,,Ads,APAC
1664,2025-06-06T16:00:00+00:00,2025-06-09T16:00:00+00:00,2025-06-11T16:00:00+00:00,,Events,APAC
1665,2025-05-31T17:00:00+00:00,2025-06-01T17:00:00+00:00,2025-06-09T17:00:00+00:00,,Referral,AMER
1666,2025-06-01T18:00:00+00:00,2025-06-03T18:00:00+00:00,,,Other,AMER
1667,2025-06-02T19:00:00+00:00,2025-06-03T19:00:00+00:00,2025-06-10T19:00:00+00:00,2025-06-18T19:00:00+00:00,Events,AMER
1668,2025-06-03T20:00:00+00:00,2025-06-06T20:00:00+00:00,2025-06-10T20:00:00+00:00,2025-06-14T20:00:00+00:00,Referral,Other
1669,2025-06-04T21:00:00+00:00,2025-06-05T21:00:00+00:00,,,Organic,Other
1670,2025-06-05T22:00:00+00:00,2025-06-09T22:00:00+00:00,,,Other,AMER
1671,2025-06-06T23:00:00+00:00,2025-06-10T23:00:00+00:00,,,Other,Other
1672,2025-05-31T00:00:00+00:00,,,,Referral,APAC
1673,2025-06-01T01:00:00+00:00,,,,Other,AMER
1674,2025-06-02T02:00:00+00:00,,,,Other,EMEA
1675,2025-06-03T03:00:00+00:00,,,,Events,APAC
1676,2025-06-04T04:00:00+00:00,,,,Events,APAC
1677,2025-06-05T05:00:00+00:00,,,,Events,EMEA
1678,2025-06-06T06:00:00+00:00,2025-06-09T06:00:00+00:00,2025-06-14T06:00:00+00:00,,Organic,Other
1679,2025-05-31T07:00:00+00:00,2025-06-01T07:00:00+00:00,2025-06-07T07:00:00+00:00,,Ads,AMER
1680,2025-06-01T08:00:00+00:00,,,,Referral,APAC
1681,2025-06-02T09:00:00+00:00,,,,Organic,Other
1682,2025-06-03T10:00:00+00:00,,,,Events,AMER
1683,2025-06-04T11:00:00+00:00,,,,Ads,Other
1684,2025-06-05T12:00:00+00:00,,,,Ads,APAC
1685,2025-06-06T13:00:00+00:00,,,,Referral,AMER
1686,2025-05-31T14:00:00+00:00,,,,Referral,APAC
1687,2025-06-01T15:00:00+00:00,,,,Other,AMER
1688,2025-06-02T16:00:00+00:00,,,,Organic,Other
1689,2025-06-03T17:00:00+00:00,,,,Referral,AMER
1690,2025-06-04T18:00:00+00:00,,,,Organic,Other
1691,2025-06-05T19:00:00+00:00,2025-06-09T19:00:00+00:00,,,Ads,Other
1692,2025-06-06T20:00:00+00:00,,,,Ads,EMEA
1693,2025-05-31T21:00:00+00:00,2025-06-03T21:00:00+00:00,2025-06-06T21:00:00+00:00,,Referral,APAC
1694,2025-06-01T22:00:00+00:00,2025-06-02T22:00:00+00:00,,,Other,APAC
1695,2025-06-02T23:00:00+00:00,,,,Other,Other
1696,2025-06-03T00:00:00+00:00,,,,Ads,Other
1697,2025-06-04T01:00:00+00:00,,,,Ads,EMEA
1698,2025-06-05T02:00:00+00:00,2025-06-09T02:00:00+00:00,,,Referral,AMER
1699,2025-06-06T03:00:00+00:00,,,,Events,APAC
1700,2025-06-07T04:00:00+00:00,,,,Organic,APAC
1701,2025-06-08T05:00:00+00:00,,,,Referral,EMEA
1702,2025-06-09T06:00:00+00:00,2025-06-13T06:00:00+00:00,2025-06-15T06:00:00+00:00,,Events,EMEA
1703,2025-06-10T07:00:00+00:00,2025-06-11T07:00:00+00:00,,,Events,EMEA
1704,2025-06-11T08:00:00+00:00,2025-06-15T08:00:00+00:00,2025-06-18T08:00:00+00:00,2025-06-27T08:00:00+00:00,Other,AMER
1705,2025-06-12T09:00:00+00:00,2025-06-13T09:00:00+00:00,2025-06-21T09:00:00+00:00,,Other,AMER
1706,2025-06-13T10:00:00+00:00,,,,Ads,AMER
1707,2025-06-07T11:00:00+00:00,,,,Organic,EMEA
1708,2025-06-08T12:00:00+00:00,,,,Events,Other
1709,2025-06-09T13:00:00+00:00,,,,Organic,Other
1710,2025-06-10T14:00:00+00:00,2025-06-11T14:00:00+00:00,,,Events,APAC
1711,2025-06-11T15:00:00+00:00,,,,Organic,Other
1712,2025-06-12T16:00:00+00:00,2025-06-14T16:00:00+00:00,,,Organic,AMER
1713,2025-06-13T17:00:00+00:00,2025-06-17T17:00:00+00:00,2025-06-18T17:00:00+00:00,2025-07-02T17:00:00+00:00,Other,EMEA
1714,2025-06-07T18:00:00+00:00,,,,Ads,AMER
1715,2025-06-08T19:00:00+00:00,,,,Ads,EMEA
1716,2025-06-09T20:00:00+00:00,2025-06-10T20:00:00+00:00,2025-06-17T20:00:00+00:00,2025-06-19T20:00:00+00:00,Referral,AMER
1717,2025-06-10T21:00:00+00:00,,,,Organic,Other
1718,2025-06-11T22:00:00+00:00,,,,Organic,AMER
1719,2025-06-12T23:00:00+00:00,,,,Referral,APAC
1720,2025-06-13T00:00:00+00:00,2025-06-17T00:00:00+00:00,,,Other,APAC
1721,2025-06-07T01:00:00+00:00,,,,Organic,APAC
1722,2025-06-08T02:00:00+00:00,2025-06-11T02:00:00+00:00,,,Organic,AMER
1723,2025-06-09T03:00:00+00:00,2025-06-10T03:00:00+00:00,,,Other,APAC
1724,2025-06-10T04:00:00+00:00,2025-06-13T04:00:00+00:00,,,Ads,EMEA
1725,2025-06-11T05:00:00+00:00,2025-06-15T05:00:00+00:00,,,Events,APAC
1726,2025-06-12T06:00:00+00:00,2025-06-13T06:00:00+00:00,2025-06-20T06:00:00+00:00,,Referral,AMER
1727,2025-06-13T07:00:00+00:00,2025-06-17T07:00:00+00:00,2025-06-21T07:00:00+00:00,2025-06-29T07:00:00+00:00,Ads,APAC
1728,2025-06-07T08:00:00+00:00,2025-06-08T08:00:00+00:00,2025-06-13T08:00:00+00:00,2025-06-25T08:00:00+00:00,Referral,EMEA
1729,2025-06-08T09:00:00+00:00,,,,Ads,Other
1730,2025-06-09T10:00:00+00:00,,,,Other,APAC
1731,2025-06-10T11:00:00+00:00,2025-06-14T11:00:00+00:00,,,Events,EMEA
1732,2025-06-11T12:00:00+00:00,,,,Events,Other
1733,2025-06-12T13:00:00+00:00,2025-06-16T13:00:00+00:00,2025-06-17T13:00:00+00:00,,Events,AMER
1734,2025-06-13T14:00:00+00:00,2025-06-14T14:00:00+00:00,,,Organic,APAC
1735,2025-06-07T15:00:00+00:00,2025-06-08T15:00:00+00:00,,,Other,APAC
1736,2025-06-08T16:00:00+00:00,,,,Organic,EMEA
1737,2025-06-09T17:00:00+00:00,,,,Organic,AMER
1738,2025-06-10T18:00:00+00:00,2025-06-13T18:00:00+00:00,2025-06-18T18:00:00+00:00,,Other,AMER
1739,2025-06-11T19:00:00+00:00,,,,Organic,Other
1740,2025-06-12T20:00:00+00:00,2025-06-13T20:00:00+00:00,2025-06-20T20:00:00+00:00,2025-06-22T20:00:00+00:00,Events,EMEA
1741,2025-06-13T21:00:00+00:00,,,,Other,EMEA
1742,2025-06-07T22:00:00+00:00,,,,Ads,EMEA
1743,2025-06-08T23:00:00+00:00,2025-06-11T23:00:00+00:00,2025-06-17T23:00:00+00:00,,Organic,AMER
1744,2025-06-09T00:00:00+00:00,2025-06-11T00:00:00+00:00,2025-06-16T00:00:00+00:00,,Other,AMER
1745,2025-06-10T01:00:00+00:00,,,,Referral,APAC
1746,2025-06-11T02:00:00+00:00,,,,Ads,AMER
1747,2025-06-12T03:00:00+00:00,,,,Other,EMEA
1748,2025-06-13T04:00:00+00:00,2025-06-17T04:00:00+00:00,2025-06-18T04:00:00+00:00,,Organic,Other
1749,2025-06-07T05:00:00+00:00,2025-06-11T05:00:00+00:00,2025-06-13T05:00:00+00:00,,Ads,AMER
1750,2025-06-15T06:00:00+00:00,,,,Events,EMEA
1751,2025-06-16T07:00:00+00:00,,,,Events,EMEA
1752,2025-06-17T08:00:00+00:00,2025-06-20T08:00:00+00:00,,,Organic,APAC
1753,2025-06-18T09:00:00+00:00,,,,Organic,AMER
1754,2025-06-19T10:00:00+00:00,,,,Referral,APAC
1755,2025-06-20T11:00:00+00:00,,,,Events,AMER
1756,2025-06-14T12:00:00+00:00,2025-06-17T12:00:00+00:00,2025-06-19T12:00:00+00:00,,Events,APAC
1757,2025-06-15T13:00:00+00:00,,,,Ads,EMEA
1758,2025-06-16T14:00:00+00:00,2025-06-17T14:00:00+00:00,,,Events,Other
1759,2025-06-17T15:00:00+00:00,2025-06-21T15:00:00+00:00,2025-06-23T15:00:00+00:00,,Organic,AMER
1760,2025-06-18T16:00:00+00:00,2025-06-20T16:00:00+00:00,,,Other,EMEA
1761,2025-06-19T17:00:00+00:00,2025-06-21T17:00:00+00:00,,,Organic,EMEA
1762,2025-06-20T18:00:00+00:00,2025-06-22T18:00:00+00:00,2025-06-29T18:00:00+00:00,,Other,AMER
1763,2025-06-14T19:00:00+00:00,,,,Ads,Other
1764,2025-06-15T20:00:00+00:00,,,,Organic,AMER
1765,2025-06-16T21:00:00+00:00,2025-06-20T21:00:00+00:00,,,Events,AMER
1766,2025-06-17T22:00:00+00:00,2025-06-21T22:00:00+00:00,,,Organic,EMEA
1767,2025-06-18T23:00:00+00:00,,,,Referral,APAC
1768,2025-06-19T00:00:00+00:00,2025-06-22T00:00:00+00:00,2025-06-25T00:00:00+00:00,,Events,Other
1769,2025-06-20T01:00:00+00:00,,,,Referral,APAC
1770,2025-06-14T02:00:00+00:00,,,,Referral,AMER
1771,2025-06-15T03:00:00+00:00,,,,Organic,EMEA
1772,2025-06-16T04:00:00+00:00,,,,Other,EMEA
1773,2025-06-17T05:00:00+00:00,2025-06-21T05:00:00+00:00,2025-06-22T05:00:00+00:00,,Ads,AMER
1774,2025-06-18T06:00:00+00:00,,,,Organic,EMEA
1775,2025-06-19T07:00:00+00:00,,,,Events,APAC
1776,2025-06-20T08:00:00+00:00,,,,Events,APAC
1777,2025-06-14T09:00:00+00:00,2025-06-18T09:00:00+00:00,2025-06-21T09:00:00+00:00,2025-07-03T09:00:00+00:00,Events,Other
1778,2025-06-15T10:00:00+00:00,,,,Referral,EMEA
1779,2025-06-16T11:00:00+00:00,2025-06-17T11:00:00+00:00,2025-06-24T11:00:00+00:00,,Organic,Other
1780,2025-06-17T12:00:00+00:00,2025-06-21T12:00:00+00:00,,,Organic,AMER
1781,2025-06-18T13:00:00+00:00,2025-06-19T13:00:00+00:00,,,Ads,AMER
1782,2025-06-19T14:00:00+00:00,2025-06-20T14:00:00+00:00,2025-06-26T14:00:00+00:00,,Referral,EMEA
1783,2025-06-20T15:00:00+00:00,2025-06-22T15:00:00+00:00,,,Other,Other
1784,2025-06-14T16:00:00+00:00,,,,Organic,Other
1785,2025-06-15T17:00:00+00:00,,,,Ads,EMEA
1786,2025-06-16T18:00:00+00:00,,,,Events,Other
1787,2025-06-17T19:00:00+00:00,2025-06-20T19:00:00+00:00,2025-06-22T19:00:00+00:00,2025-06-27T19:00:00+00:00,Ads,EMEA
1788,2025-06-18T20:00:00+00:00,,,,Other,APAC
1789,2025-06-19T21:00:00+00:00,,,,Other,Other
1790,2025-06-20T22:00:00+00:00,2025-06-23T22:00:00+00:00,2025-06-28T22:00:00+00:00,,Referral,APAC
1791,2025-06-14T23:00:00+00:00,2025-06-17T23:00:00+00:00,,,Organic,Other
1792,2025-06-15T00:00:00+00:00,2025-06-17T00:00:00+00:00,,,Organic,Other
1793,2025-06-16T01:00:00+00:00,2025-06-20T01:00:00+00:00,2025-06-21T01:00:00+00:00,2025-07-02T01:00:00+00:00,Events,EMEA
1794,2025-06-17T02:00:00+00:00,2025-06-21T02:00:00+00:00,2025-06-24T02:00:00+00:00,,Referral,AMER
1795,2025-06-18T03:00:00+00:00,,,,Other,Other
1796,2025-06-19T04:00:00+00:00,,,,Organic,Other
1797,2025-06-20T05:00:00+00:00,2025-06-21T05:00:00+00:00,2025-06-29T05:00:00+00:00,2025-07-06T05:00:00+00:00,Other,APAC
1798,2025-06-14T06:00:00+00:00,2025-06-15T06:00:00+00:00,,,Ads,APAC
1799,2025-06-15T07:00:00+00:00,2025-06-17T07:00:00+00:00,2025-06-20T07:00:00+00:00,,Other,APAC
